tostador;metodo;cafes;error;pista;rechazados
1000 Cups Café;ninguno;0;"shopify: error 404 Client Error: Not Found for url: https://1000cupscafe.com/3-cafetazos/products.json?limit=250&page=1; woocommerce: error 404 Client Error: Not Found for url: https://1000cupscafe.com/wp-json/wc/store/v1/products?per_page=100&page=1; html: 0; sitemap: error 404 Client Error: Not Found for url: https://1000cupscafe.com/sitemap.xml;  (se conservan datos anteriores)";"plataforma: ['desconocida']; enlaces de tienda: []";
Afortunato;ninguno;0;"shopify: error 404 Client Error: Not Found for url: https://afortunato.com/collections/all/products.json?limit=250&page=1; woocommerce: error 404 Client Error: Not Found for url: https://afortunato.com/wp-json/wc/store/v1/products?per_page=100&page=1; html: 0; sitemap: error 404 Client Error: Not Found for url: https://afortunato.com/sitemap.xml;  (se conservan datos anteriores)";"plataforma: ['desconocida']; enlaces de tienda: []";
Alquimista Coffee Lab;woocommerce;15;;;Curso Barista Essentials [accesorio/alimento/merch] | Colombia Misak 1Kg [sin precio] | Pack degustación. Tres Paquetes café 250g. [accesorio/alimento/merch]
Amauta Coffee;shopify;4;;;Kiringa AA [sin evidencia de café] | Cafetera La Marzocco GS3 [accesorio/alimento/merch] | AMAUTA SUBSCRIPTION PROGRAM [sin evidencia de café] | Cafetera La Marzocco Línea Micra [accesorio/alimento/merch] | Fellow Aiden Brewer [precio alto sin gramos]
ANDO Coffee Roasters;html;7;;;
Animal Coffee;woocommerce;10;;;"Online Payment barista tools [accesorio/alimento/merch] | Curso de tueste de café [accesorio/alimento/merch] | Online Payment [precio alto sin gramos] | Barista Course for groups on demand &#8211;  ENGLISH LANGUAGE &#8211; 4-6p/4h [accesorio/alimento/merch] | Curso Barista Grupos a medida 4-6p/4h [accesorio/alimento/merch] | Curso de Barista Grupos 4p/4h &#8211; Inicial [accesorio/alimento/merch] | Personalized Barista Course [precio alto sin gramos] | Barista Course Essentials &#8211; English [accesorio/alimento/merch]"
Arábiga Speciality Coffee;woocommerce;27;;;Lote Premium [sin evidencia de café] | Lote Clásico [sin evidencia de café]
Artisan Coffee;shopify;20;;;Kigezi – Café de especialidad de Uganda Honey Anaeróbico [accesorio/alimento/merch] | Gundira – Café de especialidad de Etiopía natural [accesorio/alimento/merch] | Café de Kenia - Mchana [accesorio/alimento/merch] | Café de Kenia - Kiandu Suimanga [accesorio/alimento/merch] | Wahgi Pitohui – Café de especialidad de Papúa Nueva Guinea [accesorio/alimento/merch] | Pack Descubrimiento Artisan – 5 Cafés de Especialidad [accesorio/alimento/merch] | Café Colombiano Descafeinado Swiss Water [accesorio/alimento/merch] | Liza Ardea Alba – Café de especialidad de Rwanda natural [accesorio/alimento/merch]
Astro Café Roasters;ninguno;0;"shopify: error 403 Client Error: Forbidden for url: https://astrocafe.es/collections/all/products.json?limit=250&page=1; woocommerce: error 403 Client Error: Forbidden for url: https://astrocafe.es/wp-json/wc/store/v1/products?per_page=100&page=1; html: error 403 Client Error: Forbidden for url: https://astrocafe.es/; sitemap: error 403 Client Error: Forbidden for url: https://astrocafe.es/sitemap.xml;  (se conservan datos anteriores)";"plataforma: ['desconocida']; enlaces de tienda: []";
BADi Coffee Roasters;shopify;21;;;Pack SUPER FUNKY  500GR [accesorio/alimento/merch] | Pack ASOCANAFI  500GR [accesorio/alimento/merch] | V60 Holder Dripper - ORIGAMI [accesorio/alimento/merch] | Jarra V60 300ml - KINTO [accesorio/alimento/merch] | Bote Hermetico - AIRSCAPE [sin evidencia de café] | Molinillo C40 MK4 Nitro Blade Black - COMANDANTE [accesorio/alimento/merch] | Molinillo Timemore C5 Pro [accesorio/alimento/merch] | Molinillo eléctrico COMPACT-N - HARIO [accesorio/alimento/merch]
BB'S Café de Especialidad;shopify;15;;;Taller de velas naturales · Café & Brunch [accesorio/alimento/merch] | Taller Home Barista Espresso - 30 Octubre [accesorio/alimento/merch] | Taller de Cata de Café - 9 Octubre [accesorio/alimento/merch] | Curso SCA Barista Intermedio 21-22 de Octubre [accesorio/alimento/merch] | Timemore Scale Blackmirror Basic 2 [sin evidencia de café] | Taza Artesanal BB´s café x Empowered by Hemper [accesorio/alimento/merch] | Coffee Bean Emulsionizer (CBE) [precio alto sin gramos] | Espumador de leche [accesorio/alimento/merch]
BENO Coffee Roasters;ninguno;0;"shopify: error 404 Client Error: Not Found for url: https://benocoffee.es/collections/all/products.json?limit=250&page=1; woocommerce: error 404 Client Error: Not Found for url: https://benocoffee.es/wp-json/wc/store/v1/products?per_page=100&page=1; html: 0; sitemap: 0;  (se conservan datos anteriores)";"plataforma: ['desconocida']; enlaces de tienda: ['Shop -> https://benocoffee.es/page/shop', 'All Coffee -> https://benocoffee.es/page/shop', 'Shop Now -> https://benocoffee.es', ' -> https://www.sumup.com/en-gb/online-store/']";
Black Jebena;shopify;4;;;E-Book No necesito un master para tomar café [sin precio] | Pack · Las 6 joyas de Black Jebena + taza + envío gratis [accesorio/alimento/merch] | Pack de 3 cafés lavados [accesorio/alimento/merch] | Suscripción ABOL coffee - Exceptional pleasures [accesorio/alimento/merch] | Suscripción TONA coffee - Special moments [accesorio/alimento/merch] | Suscripción BEREKA coffee - Daily Rituals [accesorio/alimento/merch] | Café de Etiopía – Guji Shakisso Hadeso Organico (Lavado) [accesorio/alimento/merch] | Café de Etiopía – Bombe Ayla Sidamo (Lavado) [accesorio/alimento/merch]
Blend Coffee Roasters;woocommerce;12;;;Comandante Grinder American [accesorio/alimento/merch] | Tote Bag [accesorio/alimento/merch] | Aeropress [accesorio/alimento/merch] | V60 [sin evidencia de café]
Bluebell Coffee Co;html;3;;;Aricha [sin evidencia de café] | El Dorado [sin evidencia de café] | El Mirador [sin evidencia de café] | La Virgen [sin evidencia de café] | MBilima [sin evidencia de café] | Passion Fruit [sin evidencia de café] | Por Elas [sin evidencia de café] | Botella para Cold Brew [sin evidencia de café]
BO&GO Specialty Coffee;ninguno;0;"shopify: error 404 Client Error: Not Found for url: https://boandgoscq.es/collections/all/products.json?limit=250&page=1; woocommerce: error 404 Client Error: Not Found for url: https://boandgoscq.es/wp-json/wc/store/v1/products?per_page=100&page=1; html: 0; sitemap: 0;  (se conservan datos anteriores)";"plataforma: ['desconocida']; enlaces de tienda: []";
Boconó Specialty Coffee;woocommerce;22;;;Hario Mini-Slim+ molinillo de café manual (MSS-1DTB) [accesorio/alimento/merch] | Cafiza Urnex 900 g: limpiador para máquinas de espresso [accesorio/alimento/merch] | Molinillo Fiorenzato F64 EVO PRO SENSE [accesorio/alimento/merch] | Máquina de espresso Sage Bambino [accesorio/alimento/merch] | Hario Mini-Slim PRO molinillo de café manual [sin precio] | AeroPress Go ® Coffee Maker [accesorio/alimento/merch] | Cafetera de goteo estilo japonés Olivewood 480 ml con filtro de tela [accesorio/alimento/merch] | Jarra cold brew Boconó para la elaboración de café frío 1,5 litros [accesorio/alimento/merch]
BOSCON Coffee Roasters;shopify;15;;;Introducción al Café de Filtro con Hario V60 (Incluye Café de 250 g + Tote Bag) [accesorio/alimento/merch] | Introducción al Café de Especialidad con Degustación y Cata Guiada (Incluye Café de 250 g + Tote Bag) [accesorio/alimento/merch] | BOSCON Suscripción - Filtro [accesorio/alimento/merch] | BOSCON Suscripción - Combo Espresso + Filtro [accesorio/alimento/merch] | BOSCON Suscripción – Superautomática [accesorio/alimento/merch] | BOSCON Suscripción – Espresso [accesorio/alimento/merch] | Set Filtros AeroPress (350 uds) [accesorio/alimento/merch] | V60 Filtros Hario 02 Blanqueados (100 uds) [sin evidencia de café]
Cachito Roasters;woocommerce;27;;;Producto Descatalogado [sin evidencia de café] | Cata de Café en Águilas [accesorio/alimento/merch] | Botella 1 Litro Cold Brew Preparado [sin evidencia de café] | Tarjeta Regalo de Café [accesorio/alimento/merch] | Jarra Cold Brew Beige [accesorio/alimento/merch] | Jarra Cold Brew Marrón [accesorio/alimento/merch] | Water Dripper Drop Hario [accesorio/alimento/merch] | Muestras de 100 gr [sin evidencia de café]
Café Angélica;ninguno;0;"shopify: error 404 Client Error: Not Found for url: https://cafeangelica.es/collections/all/products.json?limit=250&page=1; woocommerce: 0; html: 0; sitemap: 0; [https://cafeangelica.square.site] shopify: error 404 Client Error: Not Found for url: https://cafeangelica.square.site/collections/all/products.json?limit=250&page=1; woocommerce: error 404 Client Error: Not Found for url: https://cafeangelica.square.site/wp-json/wc/store/v1/products?per_page=100&page=1; html: 0; sitemap: 0;  (se conservan datos anteriores)";"plataforma: ['WooCommerce']; enlaces de tienda: ['TIENDA -> https://cafeangelica.square.site/', 'TIENDA -> https://cafeangelica.square.site/', 'TIENDA -> https://cafeangelica.square.site/', 'TIENDA -> https://cafeangelica.square.site/', 'Nuestros productos -> https://cafeangelica.square.site/', 'TIENDA ONLINE -> https://cafeangelica.square.site/']";
Café Colomer;html;3;;;
Café de Finca;woocommerce;35;;;100UDS Pico De Orizaba Mexico Capsulas [sin precio] | 100UDS Pico De Orizaba Mexico Capsulas [sin precio] | 10UDS Pico De Orizaba Mexico Cápsulas [sin precio] | 10UDS Pico De Orizaba Mexico Cápsulas [sin precio] | 100UDS Cielito Lindo Honduras Capsulas [sin precio] | 100UDS Cielito Lindo Honduras Capsulas [sin precio] | 100UDS Cielito Lindo Honduras Capsulas [sin precio] | 100UDS Cielito Lindo Honduras Capsulas [sin precio]
Café Guayacán;woocommerce;8;;;Barista por un día [accesorio/alimento/merch] | Por qué sabe así [accesorio/alimento/merch] | Degustación de café con los 5 sentidos [accesorio/alimento/merch] | El café que hace equipo [accesorio/alimento/merch] | Tostar café [accesorio/alimento/merch] | Barista AeroPress [accesorio/alimento/merch] | Barismo para trabajar [accesorio/alimento/merch] | Ceremonial del café [accesorio/alimento/merch]
Café Mistral;shopify;26;;;Chupito ecológico [sin evidencia de café] | Torrijas con crema de mascarpone , compota casera de frutas y sirup de agave [accesorio/alimento/merch] | Tiramisú [sin evidencia de café] | Tarta de cerezas con helado [accesorio/alimento/merch] | Tarta de manzana con helado [accesorio/alimento/merch] | Selección mixta [accesorio/alimento/merch] | Selección de frutas [accesorio/alimento/merch] | Selección de descafeinados [accesorio/alimento/merch]
Café Montetoro;woocommerce;10;;;Pipas peladas [accesorio/alimento/merch] | Pasas [accesorio/alimento/merch] | Cocktail Concejo [accesorio/alimento/merch] | Pack Regalo, Selección Maestra [accesorio/alimento/merch] | Pack Explorador de Sabores [accesorio/alimento/merch] | Pack Iniciación Cafetera [accesorio/alimento/merch] | Avellana natural [accesorio/alimento/merch] | Anacardo tostado [accesorio/alimento/merch]
Café Pindio;woocommerce;6;;;"Kit de Altura &#8211; Cata en casa [accesorio/alimento/merch] | Cafetera Chemex Clásica de 6 tazas [accesorio/alimento/merch] | Hario V60 Craft Coffee Maker Kit (dripper + jarra + filtros) [accesorio/alimento/merch] | Filtros Moccamaster Nº 4 (100 uds) [accesorio/alimento/merch] | Filtros Hario V60 Tamaño 01 (100 unidades) [accesorio/alimento/merch] | Filtros Hario V60 02 Blancos (100 unidades) [accesorio/alimento/merch] | Filtros Chemex Circulares Blancos (6, 8 y 10 tazas) [accesorio/alimento/merch] | Molinillo de Café Automático Melitta [accesorio/alimento/merch]"
Café Raizal;html;2;;;6 Kg en Grano [precio alto sin gramos] | Bourbon Rosado Natural [sin evidencia de café] | Geisha Honey [sin evidencia de café]
Café Siboney;woocommerce;102;;;Tazón Baristas Cafés Siboney [accesorio/alimento/merch] | Pack Mulheres do Caparaó [accesorio/alimento/merch] | Cerveza de café [accesorio/alimento/merch] | Cafetera Émbolo Prensa Francesa ESPROPRES [accesorio/alimento/merch] | Molino eléctrico Baratza Encore [accesorio/alimento/merch] | Mug Cafés Siboney 60 años [accesorio/alimento/merch] | Botella café en frío Cold Brew [accesorio/alimento/merch] | Taza Origami Turquesa 200 ml [accesorio/alimento/merch]
Café Siglo de Oro;html;6;;;Whole Bean Special Bouquet [sin evidencia de café] | Special Bouquet Capsules [precio alto sin gramos] | Natural Decaf Capsules [precio alto sin gramos]
Café Veracruz;woocommerce;36;;;Prueba [accesorio/alimento/merch] | Suscripción Sorpresa [accesorio/alimento/merch] | Tote Bag Veracruz [accesorio/alimento/merch] | Taza Veracruz [accesorio/alimento/merch] | Kopi Luwak Cápsulas [accesorio/alimento/merch] | Colombia Supremo Cápsulas [accesorio/alimento/merch] | Papua Nueva Guinea Cápsulas Cápsulas [accesorio/alimento/merch] | Kenya AA Cápsulas [accesorio/alimento/merch]
CaféLab;woocommerce;18;;;Tarjeta de Regalo Cata de café [accesorio/alimento/merch] | Tarjeta Regalo Experiencia Asiático [accesorio/alimento/merch] | Tarjeta Regalo CafeLab [accesorio/alimento/merch] | Cápsulas de café Tanzania AA-Bloom [accesorio/alimento/merch] | Cápsulas de café Perú descafeinado [accesorio/alimento/merch] | BARISTA [sin precio] | BREW [sin precio] | LATTE [sin precio]
Cafés 1958;woocommerce;37;;;V60 Hario de cerámica azul [accesorio/alimento/merch] | V60 Hario de cerámica negro [accesorio/alimento/merch] | Cafetera Aeropress Go [accesorio/alimento/merch] | V60 Hario Zebrang plegable [accesorio/alimento/merch] | Pack personalizado [accesorio/alimento/merch] | Cafetera italiana Bialetti mini express [accesorio/alimento/merch] | Cafetera italiana Bialetti verde 3 tazas [accesorio/alimento/merch] | Cafetera italiana Bialetti rosa 3 tazas [accesorio/alimento/merch]
Cafés Arbeyu;woocommerce;21;;;PACK CAFÉ ARBEYU + VELA [accesorio/alimento/merch] | Cafetera de goteo Sage The Luxe Brewer Thermal [accesorio/alimento/merch] | Molinillo Sage Smart Grinder Pro [accesorio/alimento/merch] | Cafetera Sage Dual Boiler [accesorio/alimento/merch] | Cafetera Sage Bambino Inox [accesorio/alimento/merch] | Cafetera Sage Oracle Jet [accesorio/alimento/merch] | Cafetera Sage Oracle [accesorio/alimento/merch] | Cafetera Sage Barista Touch [accesorio/alimento/merch]
Cafés Balancilla;html;5;;;GWADENYA [sin evidencia de café] | ABOL [sin evidencia de café] | BRASIL [sin evidencia de café] | KENIA [sin evidencia de café] | DJÄBÄNA [sin evidencia de café] | BURUNDI [sin evidencia de café] | COLOMBIA ECOLOGICO [sin evidencia de café] | PERU ECOLOGICO [sin evidencia de café]
Cafès Bofarull;woocommerce;47;;;Café Brasil Saratuia Dulce 250gr [accesorio/alimento/merch] | Café Verde Brasil Saratuia Dulce [accesorio/alimento/merch] | Café Brasil Saratuia Dulce 1kg. [accesorio/alimento/merch] | Café aromatizado crema cacao y avellana [accesorio/alimento/merch] | Café aromatizado galleta maría [accesorio/alimento/merch] | Café aromatizado avellana [accesorio/alimento/merch] | Café aromatizado crema de whisky [accesorio/alimento/merch] | Café descafeinado aromatizado crema de cacao y avellana [accesorio/alimento/merch]
Cafés Cavite;woocommerce;6;;;Cápsulas Café Descafeinado [accesorio/alimento/merch] | Cápsulas Café 100% Arábica [accesorio/alimento/merch]
Cafés El Águila del Caribe;woocommerce;27;;;Cápsulas Arábica 100% [accesorio/alimento/merch] | Producto comprobacion del correo [sin precio] | Frutas del Bosque [accesorio/alimento/merch] | Rooibos Tiramisú [accesorio/alimento/merch] | Té Rojo Pu-Erh Yunnan [accesorio/alimento/merch] | Té Verde Tuareg Moruno [accesorio/alimento/merch] | Café soluble descafeinado en sobres [accesorio/alimento/merch] | Manzanilla Dulce [accesorio/alimento/merch]
Cafés El Criollo;woocommerce;39;;;"Pack &#8216;Octubre&#8217; [accesorio/alimento/merch] | Pack de Iniciación [accesorio/alimento/merch] | Café Descafeinado Soluble El Criollo (2g) [accesorio/alimento/merch] | Cápsulas Descaffeinato (50 uds) [accesorio/alimento/merch] | Cápsulas Forte (50 uds) [accesorio/alimento/merch] | Cápsulas Arábica (50 uds) [accesorio/alimento/merch] | Cápsulas Café Etiqueta Negra (100 Uds) [accesorio/alimento/merch] | Cápsulas Descafeinado (100 Uds) [accesorio/alimento/merch]"
Cafés El Globo;shopify;33;;;DelhiCat Healthy Orgánico Verde Mango (Copy) [sin evidencia de café] | Chai Tigre de David Rio [accesorio/alimento/merch] | Taza Metálica [accesorio/alimento/merch] | Pack Café del mes (Programa CAFÉ CIRCULAR®) [accesorio/alimento/merch] | DelhiCat Healthy negro English breakfast [sin evidencia de café] | Pack Orígenes [accesorio/alimento/merch] | Cold Brew Coffee El Globo - Sirope de arce y avena (9 uds) [accesorio/alimento/merch] | Pack Mix Process [accesorio/alimento/merch]
Cafés El Magnífico;woocommerce;10;;;Etiopía Gerse [accesorio/alimento/merch] | Kenia Iria-Ini [accesorio/alimento/merch] | Tanzania Acacia Hills [accesorio/alimento/merch] | Colombia Cuchilla del San Juan [accesorio/alimento/merch] | Guatemala Café del Valle [accesorio/alimento/merch] | Colombia El Paraíso [accesorio/alimento/merch] | Costa Rica Brumas del Zurquí [accesorio/alimento/merch] | Guatemala Vista Hermosa [accesorio/alimento/merch]
Cafès Illes Balears;woocommerce;9;;;Taza de Café [accesorio/alimento/merch] | Taza Café con Leche [accesorio/alimento/merch]
Cafés Lúa;html;22;;;"Colombia Geisha [sin evidencia de café] | Bono Experiencia Esencial [sin evidencia de café] | Bono Experiencia Premium [sin evidencia de café] | Pack &quot;Favoritos del Barista&quot; [accesorio/alimento/merch]"
Cafés Mocaibo;woocommerce;21;;;Tazas Mocaibo [accesorio/alimento/merch] | Tazas Mocaibo [accesorio/alimento/merch] | Caja de Azúcar Mocaibo (1000 sobres) [sin evidencia de café] | Infusión Premium Té Verde Jengibre y Limón [accesorio/alimento/merch] | Bote Sirvefácil Leche Condensada 820 gr [accesorio/alimento/merch] | Café descafeinado soluble (100 sobres) [accesorio/alimento/merch] | Porciones Aceite Señorío de Fuentes (130 monodosis) [accesorio/alimento/merch] | Infusión Premium Té Negro Pakistaní (40 uds) [accesorio/alimento/merch]
Cafés Moreno;ninguno;0;"shopify: error Expecting value: line 1 column 1 (char 0); woocommerce: error Expecting value: line 1 column 1 (char 0); html: 0; sitemap: 0;  (se conservan datos anteriores)";"plataforma: ['desconocida']; enlaces de tienda: []";
Cafés Myway;woocommerce;34;;;"Cafetera italiana Bialetti Brikka Induction [accesorio/alimento/merch] | Termo Stanley Quencher H2.0 1,2 L [accesorio/alimento/merch] | Termo Thermos King [accesorio/alimento/merch] | Termo Contigo West Loop [accesorio/alimento/merch] | Vaso térmico Relota 380 ml [accesorio/alimento/merch] | Termo Super Sparrow con pajita [sin precio] | Cafetera de cápsulas Nespresso Pixie (De&#8217;Longhi) [accesorio/alimento/merch] | Cafetera de cápsulas Nespresso Vertuo Next (De&#8217;Longhi) [accesorio/alimento/merch]"
Cafés Plaza del Castillo;ninguno;0;"shopify: error 404 Client Error: Not Found for url: https://cafesplazadelcastillo.com/collections/all/products.json?limit=250&page=1; woocommerce: error 404 Client Error: Not Found for url: https://cafesplazadelcastillo.com/wp-json/wc/store/v1/products?per_page=100&page=1; html: 0; sitemap: 0;  (se conservan datos anteriores)";"plataforma: ['desconocida']; enlaces de tienda: ['Productos -> https://cafesplazadelcastillo.com/productos/']";
Cafés Salzillo;ninguno;0;"shopify: error 404 Client Error: Not Found for url: https://www.cafes-salzillo.es/collections/all/products.json?limit=250&page=1; woocommerce: error 404 Client Error: Not Found for url: https://www.cafes-salzillo.es/wp-json/wc/store/v1/products?per_page=100&page=1; html: 0; sitemap: error 404 Client Error: Not Found for url: https://www.cafes-salzillo.es/sitemap.xml;  (se conservan datos anteriores)";"plataforma: ['desconocida']; enlaces de tienda: []";
Cafés Santa Rosa;woocommerce;19;;;"INFUSIÓN CÚRCUMA CHAI LATTE BIO [accesorio/alimento/merch] | INFUSIÓN YOGI TEA ORGANIC [accesorio/alimento/merch] | INFUSIÓN GARGANTA FELIZ [accesorio/alimento/merch] | INFUSIÓN MANZANA VERDE [accesorio/alimento/merch] | INFUSIÓN ARANDANO AZUL [accesorio/alimento/merch] | INFUSIÓN CACAO CHAI LATTE BIO [accesorio/alimento/merch] | INFUSIÓN CHAI LATTE BIO [accesorio/alimento/merch] | PINK LATTE &#8211; REMOLACHA &#038; COCO [accesorio/alimento/merch]"
Camden Coffee Roasters;woocommerce;12;;;
Cero Coffee Roasters;shopify;17;;;COLOMBIA - Competición aeropress 2026 [accesorio/alimento/merch] | LATTE ART - INICIACIÓN (PRESENCIAL) [precio alto sin gramos] | Monográfica — AeroPress [accesorio/alimento/merch] | Experiencia de cata de café [accesorio/alimento/merch]
Ciano Coffee;shopify;12;;;Pack Tierra Tostada [accesorio/alimento/merch] | AeroPress GO™ [accesorio/alimento/merch] | SUSCRIPCIÓN DE CAFÉ PARA OFICINAS [accesorio/alimento/merch] | Coctelera Classic APS [sin evidencia de café] | Decantador con dripper de metal de Hario [accesorio/alimento/merch] | Guatemala · Dulce, frutal y elegante [accesorio/alimento/merch] | Termo Efficient Travel Mug Enjoy BRA [accesorio/alimento/merch] | Prensa Francesa 600ML Hario [accesorio/alimento/merch]
Club del Café;shopify;8;;;
Coffee 1931;woocommerce;63;;;
Coffee Hackers;ninguno;0;"shopify: error 403 Client Error: Forbidden for url: https://thecoffeehackers.com/collections/all/products.json?limit=250&page=1; woocommerce: error 403 Client Error: Forbidden for url: https://thecoffeehackers.com/wp-json/wc/store/v1/products?per_page=100&page=1; html: error 403 Client Error: Forbidden for url: https://thecoffeehackers.com/; sitemap: error 403 Client Error: Forbidden for url: https://thecoffeehackers.com/sitemap.xml;  (se conservan datos anteriores)";portada no accesible: 403 Client Error: Forbidden for url: https://thecoffeehackers.com/;
Coffee Mori;shopify;8;;;Taller de Latte art Básico - Nivel Básico [accesorio/alimento/merch] | Pack de cafés de especialidad para filtro · 3 orígenes (3x250g) [accesorio/alimento/merch] | Pack de cafés de especialidad para espresso · 3 orígenes (3x250g) [accesorio/alimento/merch] | Taller de Latte art Intermedio - Nivel Intermedio [accesorio/alimento/merch] | Taller calibración de espresso - Nivel Básico [accesorio/alimento/merch]
Coffee Tools Sat& Roaster;woocommerce;12;;;DK-200 ROBUSTO E IMPECABLE [sin precio] | BEHMOR IDEAL GRINDER NEW!!!! [accesorio/alimento/merch] | HeatSnob Kit [accesorio/alimento/merch] | JARRA BEHMOR [accesorio/alimento/merch] | DK50 [sin precio] | DK30F [sin precio] | DKS65 [sin precio] | DKS65H [sin precio]
coffeeURBANroasters;ninguno;0;"shopify: error 404 Client Error: Not Found for url: https://coffeeurbanroasters.com/collections/all/products.json?limit=250&page=1; woocommerce: error 404 Client Error: Not Found for url: https://coffeeurbanroasters.com/wp-json/wc/store/v1/products?per_page=100&page=1; html: 0; sitemap: error 404 Client Error: Not Found for url: https://coffeeurbanroasters.com/sitemap.xml;  (se conservan datos anteriores)";"plataforma: ['desconocida']; enlaces de tienda: []";
Cosmos Café;woocommerce;29;;;LA MARZOCCO LINEA PB [accesorio/alimento/merch] | LA MARZOCCO LINEA MINI [accesorio/alimento/merch] | La Marzocco LINEA MICRA [accesorio/alimento/merch]
Cruz Coffee;html;1;;;
Cuptural Coffee;shopify;30;;;ROA Barista Oat M*lk 1 L [sin evidencia de café] | Colombia  Wilton Benítez  - Chiroso [accesorio/alimento/merch] | Colombia  Wilton Benítez  - Caturra Chiroso · B2B [accesorio/alimento/merch] | Chai Spice Concentrate [accesorio/alimento/merch] | crema de chocolate y avellanas Puchero · 200 g [accesorio/alimento/merch] | tote bag cuptural [accesorio/alimento/merch] | Mermelada artesana de manzana y pistacho [accesorio/alimento/merch] | Mermelada artesana de fresa y especias [accesorio/alimento/merch]
Dalston Coffee Roasters;shopify;10;;;CÁPSULAS COMPOSTABLES (20uds.) [accesorio/alimento/merch] | Suscripción mensual de café (envío incluido) [accesorio/alimento/merch] | Molino manual COMANDANTE C40 MK4 negro [precio alto sin gramos] | Orea O1 Brewer (AKA Baby-O) [sin evidencia de café] | Bialetti Moka Induction 6T [sin evidencia de café] | Filtros Kalita Wave [sin evidencia de café] | Filtros Hario V60 - 02 [sin evidencia de café] | Aeropress [accesorio/alimento/merch]
Delicias Roasters;shopify;15;;;Papúa Nueva Guinea [sin evidencia de café]
Delsams Cafè;ninguno;0;"shopify: error Expecting value: line 1 column 1 (char 0); woocommerce: error 404 Client Error: Not Found for url: https://delsamscafes.com/wp-json/wc/store/v1/products?per_page=100&page=1; html: 0; sitemap: 0; [https://shopcafes.com] shopify: error 403 Client Error: Forbidden for url: https://shopcafes.com/collections/all/products.json?limit=250&page=1; woocommerce: error 403 Client Error: Forbidden for url: https://shopcafes.com/wp-json/wc/store/v1/products?per_page=100&page=1; html: error 403 Client Error: Forbidden for url: https://shopcafes.com/; sitemap: error 403 Client Error: Forbidden for url: https://shopcafes.com/sitemap.xml; [https://www.compsaonline.com] shopify: error Expecting value: line 1 column 1 (char 0); woocommerce: error 404 Client Error: Not Found for url: https://www.compsaonline.com/wp-json/wc/store/v1/products?per_page=100&page=1; html: 0; sitemap: 0;  (se conservan datos anteriores)";"plataforma: ['desconocida']; enlaces de tienda: ['BOTIGA ONLINE -> https://shopcafes.com/ca/', ' -> https://shopcafes.com/ca/', 'Anar a la botiga -> https://shopcafes.com/ca/']";
Despiertoo;html;16;;;Tote Bag [accesorio/alimento/merch] | Fellow Carter Slide Rosa Desierto (355 ml) [sin evidencia de café] | MiiR - Botella de Boca Ancha Negro (470 ml) [sin evidencia de café] | Asobu - Orb Azul (420 ml) [sin evidencia de café] | Hario Latte Shaker [sin evidencia de café]
DFRNT;shopify;10;;;DFRNT.BOX (Copy) [sin precio] | DFRNT.BOX [sin precio] | Baratza Encore 230V [accesorio/alimento/merch] | Baratza Molinillo Encore ESP [accesorio/alimento/merch] | Pack Etiopía + Honduras Espresso | 2x250g [accesorio/alimento/merch] | Virtuoso+ | Molinillo Eléctrico | Baratza [accesorio/alimento/merch] | FRED TEMPO |  Molinillo Eléctrico | LELIT [accesorio/alimento/merch] | HONDURAS.ESPRESSO | 1Kg [accesorio/alimento/merch]
D·Origen Coffee Roasters;shopify;18;;;MOLINO COMPAK FINO [precio alto sin gramos] | KIGEZY VALLEY [sin evidencia de café] | PLAN RENOVE [sin evidencia de café] | MOKA BELLEXPRESS 6 TAZAS GRIS [accesorio/alimento/merch] | Gorra BASEBALL [accesorio/alimento/merch] | Gorra TRUCK [accesorio/alimento/merch] | CURSO PROFESIONALES DEL SECTOR [accesorio/alimento/merch] | PERLA NEGRA [sin evidencia de café]
East Crema Coffee;shopify;8;;;Fellow Stagg EKG Hervidor Eléctrico [accesorio/alimento/merch] | Taller Cata de Café para Empresas [accesorio/alimento/merch] | Tarjeta Cursos Regalo [accesorio/alimento/merch] | Curso de Latte Art [accesorio/alimento/merch] | Curso de Filtro [accesorio/alimento/merch] | Curso de Espresso [accesorio/alimento/merch] | Curso de Cata de Cafés de Especialidad [accesorio/alimento/merch] | Curso de iniciación al Café de Especialidad [accesorio/alimento/merch]
El Secreto de Martina;woocommerce;5;;;Big Pack 2kg [accesorio/alimento/merch]
El Tostadero;woocommerce;37;;;CURCUMA LATTE 15 UD [sin evidencia de café] | MATCHA LATTE 15 UD [accesorio/alimento/merch] | CHAI LATTE 15 UD [accesorio/alimento/merch] | CAFETERA AEROPRESS CLEAR AZUL [accesorio/alimento/merch] | CAFETERA AEROPRESS CLEAR TRANSPARENTE [accesorio/alimento/merch] | CAFETERA PRENSA FRANCESA U TIMERMORE 450 ML BLANCA [accesorio/alimento/merch] | CAFETERA ITALIANA 6 TAZAS ACERO INOXIDABLE [accesorio/alimento/merch] | ESPUMADOR THERMOMILK INOX [accesorio/alimento/merch]
El Tostado;ninguno;0;"shopify: error 404 Client Error: Not Found for url: https://eltostado.es/collections/all/products.json?limit=250&page=1; woocommerce: error 404 Client Error: Not Found for url: https://eltostado.es/wp-json/wc/store/v1/products?per_page=100&page=1; html: 0; sitemap: 0;  (se conservan datos anteriores)";"plataforma: ['desconocida']; enlaces de tienda: ['Tienda\n            online -> https://eltostado.es/#particulares', 'Tienda online -> https://eltostado.es/#particulares']";
Emeki Café Artesanal;woocommerce;4;;;"Café de especialidad de Burundi [accesorio/alimento/merch] | Café de especialidad de Tanzania [accesorio/alimento/merch] | Café de Costa Rica &#8211; Specialty coffee [accesorio/alimento/merch] | Café de Papúa Nueva Guinea [accesorio/alimento/merch] | Café de Etiopía [accesorio/alimento/merch] | Café orgánico  de Perú [accesorio/alimento/merch] | Café de Kenia [accesorio/alimento/merch] | Café de Brasil [accesorio/alimento/merch]"
Factoría 77;woocommerce;8;;;Rooibos Estrella de Oriente [accesorio/alimento/merch] | Té rojo Yunnan [accesorio/alimento/merch] | Té rojo Lima [accesorio/alimento/merch] | Té rojo Canela [accesorio/alimento/merch] | Té verde Sencha [accesorio/alimento/merch] | Té verde Moruno [accesorio/alimento/merch] | Té verde Mojito [accesorio/alimento/merch] | Té verde Miel Manuka [accesorio/alimento/merch]
Familia Osorio Coffee;shopify;7;;;THE COFFEE BOX SUPER AUTOMÁTICA [accesorio/alimento/merch] | WELCOME PACK FAMILIA OSORIO [sin precio] | CAFETERA DE GOTEO LUXE BREWER® THERMAL SAGE [accesorio/alimento/merch] | SAGE BARISTA PRO [precio alto sin gramos] | THE COFFEE BOX FILTRO [accesorio/alimento/merch] | MOLINO I3 PRO COMPACK [precio alto sin gramos] | LA MARZOCCO LINEA MICRA [precio alto sin gramos] | Asesoramiento Profesional [sin precio]
Fancoffee;shopify;15;;;CHOCOLATE DE MESA 100% CACAO 200GR [sin evidencia de café] | TABLETA DE CHOCOLATE CON SAL MARINA CESAR 75% [accesorio/alimento/merch] | TABLETA DE CHOCOLATE CON PANELA CAQUETÁ 75% [accesorio/alimento/merch] | TABLETA DE CHOCOLATE CAQUETÁ 72% [accesorio/alimento/merch] | TABLETA DE CHOCOLATE CAQUETÁ 100% [accesorio/alimento/merch] | TABLETA DE CHOCOLATE ARAUCA 85% [accesorio/alimento/merch] | SAGE CAFETERA BARISTA PRO™ [accesorio/alimento/merch] | TAZA Y PLATO COLOR NEGRO 80ML [accesorio/alimento/merch]
Flamante Coffee Roasters;shopify@flamantecoffeeroastershop.com;12;;;Libro Café Sensible / Kim Ossenblok [accesorio/alimento/merch] | Taller de Introducción al Café de Especialidad (Gratuito) [sin precio] | Taller de Cafetera Italiana | Domina el clásico del café en casa [accesorio/alimento/merch] | Taller “Barista Home” | Aprende a sacar el máximo a tu cafetera [accesorio/alimento/merch] | Taller de Degustación de Cafés Especiales | Comparativa de métodos y perfiles [accesorio/alimento/merch] | Curso de Barista Elemental | Iniciación al espresso y café de especialidad [accesorio/alimento/merch] | Curso de Calibración de Espresso y Molienda | Extracción precisa y controlada [accesorio/alimento/merch] | Curso de Latte Art Básico | Técnica, vertido y práctica [accesorio/alimento/merch]
Floco Coffee Roasters;ninguno;0;"shopify: error Expecting value: line 1 column 1 (char 0); woocommerce: error 404 Client Error: Not Found for url: https://www.flocooriginalcoffee.com/wp-json/wc/store/v1/products?per_page=100&page=1; html: 0; sitemap: 0; [https://flococoffee.com] shopify: error 404 Client Error: Not Found for url: https://flococoffee.com/collections/all/products.json?limit=250&page=1; woocommerce: error 500 Server Error: Internal Server Error for url: https://flococoffee.com/wp-json/wc/store/v1/products?per_page=100&page=1; html: 0; sitemap: error 404 Client Error: Not Found for url: https://flococoffee.com/sitemap.xml;  (se conservan datos anteriores)";"plataforma: ['WooCommerce']; enlaces de tienda: ['Tienda Online -> https://flococoffee.com/', 'Shop -> https://www.flocooriginalcoffee.com', 'Tienda Online -> https://flococoffee.com/', ' -> https://www.flocooriginalcoffee.com/tienda/', 'Comprar Ahora -> https://flococoffee.com/', 'Comprar Ahora -> https://www.flocooriginalcoffee.com/tienda/', 'Shop -> https://www.flocooriginalcoffee.com', 'Tienda Online -> https://flococoffee.com/']";
Flying Bean Coffee;woocommerce;7;;;
FOC;shopify;13;;;Combo Experimental [sin evidencia de café] | Combo Llar [precio alto sin gramos] | Suscripción Mixta [accesorio/alimento/merch] | Suscripción Espresso [accesorio/alimento/merch] | Suscripción Filtro [accesorio/alimento/merch] | Combo Equilibrado [sin evidencia de café] | Combo Clásico [sin evidencia de café] | Camiseta Caffeine Dealer [accesorio/alimento/merch]
Furo Café;woocommerce;5;;;"Curso Home Barista &#8211; Furo Café [accesorio/alimento/merch]"
Ganbaru Coffee;shopify;7;;;Curso SCA Barista Profesional [accesorio/alimento/merch] | Curso SCA Brewing Profesional [accesorio/alimento/merch] | Taller de Barista Intensivo Presencial [accesorio/alimento/merch] | Curso SCA Barista Iniciación [accesorio/alimento/merch] | Curso SCA Brewing Intermedio [accesorio/alimento/merch] | Curso SCA Brewing Iniciación [accesorio/alimento/merch] | Taller de Brewing Intensivo: Domina el Filtro en Málaga (5 Horas) [accesorio/alimento/merch] | Curso SCA Barista Intermedio [accesorio/alimento/merch]
Geisha Coffee Roasters;ninguno;0;"shopify: error 403 Client Error: Forbidden for url: https://geisharoasters.com/collections/all/products.json?limit=250&page=1; woocommerce: error 403 Client Error: Forbidden for url: https://geisharoasters.com/wp-json/wc/store/v1/products?per_page=100&page=1; html: error 403 Client Error: Forbidden for url: https://geisharoasters.com/; sitemap: error 403 Client Error: Forbidden for url: https://geisharoasters.com/sitemap.xml;  (se conservan datos anteriores)";portada no accesible: 403 Client Error: Forbidden for url: https://geisharoasters.com/;
Guadarrama Coffee Roasters;shopify;10;;;"Té matcha [accesorio/alimento/merch] | Pack ""Lo quiero todo"" [accesorio/alimento/merch] | Pack Navidad [accesorio/alimento/merch] | Pack de Altura [accesorio/alimento/merch] | Suscripción [accesorio/alimento/merch] | Pack Montaña [accesorio/alimento/merch]"
Guayota Coffee Roasters;ninguno;0;"shopify: error 404 Client Error: Not Found for url: https://www.guayotacoffeeroasters.com/collections/all/products.json?limit=250&page=1; woocommerce: error 403 Client Error: Forbidden for url: https://www.guayotacoffeeroasters.com/wp-json/wc/store/v1/products?per_page=100&page=1; html: 0; sitemap: 0;  (se conservan datos anteriores)";"plataforma: ['desconocida']; enlaces de tienda: ['Tienda -> https://www.guayotacoffeeroasters.com#shops']";
Hey My Coffee;shopify;13;;;Musaza (14 cápsulas) [accesorio/alimento/merch] | Cápsula Musaza - Ruanda [accesorio/alimento/merch] | Cápsula Don Alebrije - México (Decaf) [accesorio/alimento/merch] | Cápsula Jairo - Colombia [accesorio/alimento/merch] | Cápsula Furla - Etiopia [accesorio/alimento/merch] | Termo Hey My Coffee (350ml) [accesorio/alimento/merch] | Pack degustación (14 cápsulas) [accesorio/alimento/merch] | Don Alebrije (14 cápsulas) Descafeinado [accesorio/alimento/merch]
Hiday Coffee;shopify;10;;;TARJETA REGALO HIDAY COFFEE [accesorio/alimento/merch] | Suscripción Café [accesorio/alimento/merch] | Hiday Bundle | Blow Away [sin evidencia de café] | Hiday Tote Bag | Blow Away [accesorio/alimento/merch] | Hiday T-Shirt | Blow Away [sin evidencia de café]
Hidden Coffee Roasters;woocommerce;11;;;"Crema Exótica &#8211; Anacardo, Coco &#038; Café [accesorio/alimento/merch] | Crema Tradicional &#8211; Almendra &#038; Café [accesorio/alimento/merch] | Ice Ice Coffee &#8211; Cold Brew [accesorio/alimento/merch] | Pack Origins &#8211; 4 Orígenes [accesorio/alimento/merch] | Coyote &#8211; Hidden Collection 5 of 5 [accesorio/alimento/merch] | Báscula Timemore Mirror 2 [accesorio/alimento/merch] | Molinillo Timemore &#8211; Chestnut C3S Max Pro [accesorio/alimento/merch] | Timemore &#8211; U French Press [accesorio/alimento/merch]"
Hola Coffee Roasters;shopify;29;;;Rhino Pro Stealth Jarra de leche (2 tamaños) [accesorio/alimento/merch] | Molino Fellow Opus 2 Conical [accesorio/alimento/merch] | Fellow Atmos - Sistema de vacío (2 tamaños) [accesorio/alimento/merch] | Hario V60 Switch Ceramic Coffee Dripper 02 [accesorio/alimento/merch] | Test Roast [accesorio/alimento/merch] | Kinto Cold Brewer (1 L) [accesorio/alimento/merch] | Sage Barista Express [accesorio/alimento/merch] | Molino de mano Hario línea outdoor [accesorio/alimento/merch]
Hortelano Coffee Roasters;shopify;14;;;Pack Descubrimiento [accesorio/alimento/merch] | Pack Explorador [accesorio/alimento/merch] | Goloso [accesorio/alimento/merch] | Pack Aeropress [accesorio/alimento/merch] | Pack Moka [accesorio/alimento/merch] | Pack V60 [accesorio/alimento/merch] | Pack Bienvenida – Descubre tú Café de Especialidad | Hortelano Coffee [accesorio/alimento/merch]
Ineffable Coffee;shopify;31;;;Sergio Aranda Pacamara - Colombia - Co-fermentado 72h - 70 gr [accesorio/alimento/merch] | Paquete de muestra Sergio Aranda Pacamara - 70 gr [sin evidencia de café] | Subminimal NanoFoamer Go [accesorio/alimento/merch] | Termo Fellow Carter Carry [accesorio/alimento/merch] | FES Anaeróbico 120h - El Salvador - 70 gr [accesorio/alimento/merch] | Paquete de muestra FES Anaeróbico 120h - 70 gr [sin evidencia de café] | Paquete de muestra Shoondhisa - 70 gr [sin evidencia de café] | Shoondhisa - Etiopía - Natural - 70 gr [accesorio/alimento/merch]
Inzo;woocommerce;6;;;
Jaleo Coffee Roasters;ninguno;0;"shopify: error 404 Client Error: Not Found for url: https://jaleo.coffee/collections/all/products.json?limit=250&page=1; woocommerce: error ('Connection aborted.', RemoteDisconnected('Remote end closed connection without response')); html: 0; sitemap: 0;  (se conservan datos anteriores)";"plataforma: ['desconocida']; enlaces de tienda: []";
Jayza;woocommerce;12;;;Pack Complementos Espresso [accesorio/alimento/merch] | Pack V60 [accesorio/alimento/merch] | Cápsulas Cinco Tazas [accesorio/alimento/merch] | Cápsulas Kenya AA [accesorio/alimento/merch] | Pack Prensa Francesa [accesorio/alimento/merch] | Pack Aeropress [accesorio/alimento/merch] | Pack Superautomática [accesorio/alimento/merch] | Pack Espresso [accesorio/alimento/merch]
KAFFETTO;shopify;13;;;"PACK ESPRESSO [accesorio/alimento/merch] | PACK MOKA LOVERS [accesorio/alimento/merch] | PACK DECAF [accesorio/alimento/merch] | PACK ""PREMIUM"" [accesorio/alimento/merch] | PACK ""DEGUSTACION"" EXPLORADOR [accesorio/alimento/merch] | CAFE DE ESPECIALIDAD COLOMBIA DESCAFEINADO ""DULCES SUEÑOS"" [accesorio/alimento/merch] | CAFE DE ESPECIALIDAD BRASIL ""BOAVISTA"" [accesorio/alimento/merch]"
Kaitxo;ninguno;0;"shopify: error 403 Client Error: Forbidden for url: https://kaitxo.com/collections/all/products.json?limit=250&page=1; woocommerce: error 403 Client Error: Forbidden for url: https://kaitxo.com/wp-json/wc/store/v1/products?per_page=100&page=1; html: error 403 Client Error: Forbidden for url: https://kaitxo.com/; sitemap: error 403 Client Error: Forbidden for url: https://kaitxo.com/sitemap.xml;  (se conservan datos anteriores)";"plataforma: ['desconocida']; enlaces de tienda: []";
Kima Coffee;shopify;182;;;Enigma Hoops. Café de Colombia [accesorio/alimento/merch] | Diwan. Geisha. Café de Colombia [accesorio/alimento/merch] | Duwancho. Cafe de Etiopía [accesorio/alimento/merch] | Srima9. Honey. Café de Tailandia [accesorio/alimento/merch] | Tulise. Cafe de Etiopia [accesorio/alimento/merch] | Las Lajas. Café de Costa Rica [accesorio/alimento/merch] | Humure.  Café de Ruanda [accesorio/alimento/merch] | La Libertad. Cafe de Nicaragua [accesorio/alimento/merch]
Kira Coffee;woocommerce;13;;;"Filtros X-Bloom [sin evidencia de café] | Dulces Sueños – Nicaragua &#8211; Decaf CO2 [accesorio/alimento/merch] | Bono Regalo Curso de Iniciación a la Cata de Café [accesorio/alimento/merch] | Bono Regalo Curso de Extracción [accesorio/alimento/merch] | Curso de iniciación barista profesional [accesorio/alimento/merch] | Curso de iniciación al Latte Art profesional [accesorio/alimento/merch] | Curso de extracción de café en casa [accesorio/alimento/merch] | Curso de iniciación a la cata [accesorio/alimento/merch]"
La Finca Roaster;woocommerce;4;;;
La Guashira;shopify;11;;;Pack Café Colombiano 3×500 g – Café de Especialidad Tostado Artesanal [accesorio/alimento/merch] | Pack Café Colombiano 3×340 g – Café de Especialidad Tostado Artesanal [accesorio/alimento/merch] | Pack Café Colombiano 3×250 g – Café de Especialidad Tostado Artesanal [accesorio/alimento/merch] | Pack Café de Especialidad Colombia 3 kg – 3 Variedades en Grano Tostado Artesanal [accesorio/alimento/merch] | Molino de Café Eureka Mignon Classico – Molinillo Eléctrico Profesional [accesorio/alimento/merch] | Camiseta V60 Unisex [accesorio/alimento/merch] | Camiseta Moka Unisex [accesorio/alimento/merch] | Camiseta AeroPress Unisex [accesorio/alimento/merch]
La Negra Café;woocommerce;6;;;"Café de Ruanda – Muka Kivu 1Kg [accesorio/alimento/merch] | Café de Ruanda – Muka Kivu 250g [accesorio/alimento/merch] | Suscripción Trimestral [sin precio] | Molienda &#8211; Filtro [sin precio] | Molienda &#8211; Italiana [sin precio] | Café de Nicaragua – Xarisma 1Kg [accesorio/alimento/merch] | Café de Nicaragua – Xarisma 250g [accesorio/alimento/merch] | Café de Colombia – Golden Huila 1Kg [accesorio/alimento/merch]"
Lady Madrid;shopify;6;;;Café de especialidad Lady Madrid [sin precio] | Pack Lady Madrid: Explora el mundo del Café [accesorio/alimento/merch] | Suscripciones de Café | Notas de Cata [accesorio/alimento/merch] | Suscripciones de Café | Elige el café de tu pedido [accesorio/alimento/merch]
Lezzato Café;ninguno;0;"shopify: error Expecting value: line 1 column 1 (char 0); woocommerce: error 404 Client Error: Not Found for url: https://lezzato.es/wp-json/wc/store/v1/products?per_page=100&page=1; html: 0; sitemap: 0;  (se conservan datos anteriores)";"plataforma: ['desconocida']; enlaces de tienda: []";
Madness Coffee;shopify;13;;;VASO COOLBOTTLES FT MADNESS COFFEE 550ML [accesorio/alimento/merch] | VASO COOLBOTTLES FT MADNESS COFFEE 330ML [accesorio/alimento/merch] | BASHA BEKELE - CUP OF EXCELLENCE 2024 - ETIOPÍA + vaso etiópe de regalo [accesorio/alimento/merch]
Madre Superiora Coffee Roasters;shopify;8;;;DOUBLE RAINBOW [accesorio/alimento/merch] | GUAVA LACTIC [accesorio/alimento/merch] | Virgin [accesorio/alimento/merch] | Vicious [sin evidencia de café] | Addicted [sin evidencia de café] | BALANZA | MHW3Bomber |  Formula Smart [sin evidencia de café] | FILTRO PAPEL | Hario V60 Filtro Papel 02 | Blanqueado (100uds) Bolsa [accesorio/alimento/merch] | FILTRO PAPEL | Hario V60 Filtro Papel 02 | Blanqueado (40uds) caja [accesorio/alimento/merch]
Manea Coffee;shopify;9;;;Gummer de Nicaragua [sin precio] | Llavero Hunter [sin evidencia de café] | Rocco de Burundi [accesorio/alimento/merch] | Muestra Rocco (100g) [sin precio] | Taza de Chester [accesorio/alimento/merch] | Tu café de Manea [sin precio] | Sage Barista Express [accesorio/alimento/merch] | Sage Bambino Plus [accesorio/alimento/merch]
Martín Tostador;shopify;7;;;
Meke Coffee Roasters;shopify;15;;;Ritual Daily Bundle [precio alto sin gramos] | Filtro Taster Pack [accesorio/alimento/merch] | Organic Taster Pack [accesorio/alimento/merch] | Curso de Barista Online [accesorio/alimento/merch] | Barista Handbook [sin evidencia de café] | Suscripción Origin Selection [accesorio/alimento/merch] | Molinillo Fellow Opus Gen2 [accesorio/alimento/merch] | Distributing tool Motta Black [sin evidencia de café]
Meza Coffee;ninguno;0;"shopify: error Expecting value: line 1 column 1 (char 0); woocommerce: error 404 Client Error: Not Found for url: https://mezacoffee.com/wp-json/wc/store/v1/products?per_page=100&page=1; html: 0; sitemap: 0;  (se conservan datos anteriores)";"plataforma: ['desconocida']; enlaces de tienda: ['Facebook-square -> https://www.facebook.com/sharer/sharer.php?u=https%3A%2F%2Fmezacoffee.com%2F&t=Tienda+Online+Caf%C3%A9+Especialidad+Meza+Coffee+Specialty+Shop+100%25+Arabica']";
Mr. Chava;woocommerce;95;;;"Envíos Europa [sin evidencia de café] | Infusión Relajante [accesorio/alimento/merch] | ESTRELLA DE NAVIDAD [sin evidencia de café] | MANZANILLA [sin evidencia de café] | TE AZUL &#8211; Oolong Flor de Asia [sin evidencia de café] | TE VERDE &#8211; Sencha Desteinado [accesorio/alimento/merch] | TE ROJO &#8211; Pu Erh Premium [accesorio/alimento/merch] | ROOIBOS &#8211; Papaya y Piña [accesorio/alimento/merch]"
Mundo Novo Coffee;shopify;13;;;KALITA - Stainless Wave Dripper [accesorio/alimento/merch] | ESPRO Bloom Pour Over Coffee Brewer Filtros de papel [accesorio/alimento/merch] | Filtro Cafec Deep 27 ABACA+ [sin evidencia de café] | Cafec Tritan Flower Dripper Deep 27° [accesorio/alimento/merch] | Molino de café manual TIMEMORE Chestnut C3S MAX Pro [accesorio/alimento/merch] | THE FERMENTATION PROJECT KIT [accesorio/alimento/merch] | Suscripción Mensual [accesorio/alimento/merch] | Molino Baratza - Encore ESP Pro black 230V - Automatic Grinder - Negro [accesorio/alimento/merch]
Naos Coffee;woocommerce;4;;;Hario V60 · Filtros de papel 02 naturales (100 uds) [accesorio/alimento/merch] | Hario V60 · Filtros de papel 02 naturales (40 uds) [accesorio/alimento/merch] | Hario V60 · Filtros de papel 02 blanqueados, Japón (100 uds) [accesorio/alimento/merch] | Hario V60 · Filtros de papel 02 blanqueados (40 uds) [accesorio/alimento/merch] | AeroPress · Filtros de papel naturales (200 uds) [accesorio/alimento/merch] | AeroPress · Filtros de papel (350 uds) [accesorio/alimento/merch] | Kinto SCS · Jarra de café 600 ml [accesorio/alimento/merch] | Hario V60 · Dripper de plástico 02 transparente [accesorio/alimento/merch]
Nenit Coffee Roasters;ninguno;0;"shopify: error 404 Client Error: Not Found for url: https://www.nenit.shop/collections/all/products.json?limit=250&page=1; woocommerce: error 404 Client Error: Not Found for url: https://www.nenit.shop/wp-json/wc/store/v1/products?per_page=100&page=1; html: 0; sitemap: 0;  (se conservan datos anteriores)";"plataforma: ['desconocida']; enlaces de tienda: []";
Nica Café;ninguno;0;"shopify: error 403 Client Error: Forbidden for url: https://nicacafe.shop/collections/all/products.json?limit=250&page=1; woocommerce: error 403 Client Error: Forbidden for url: https://nicacafe.shop/wp-json/wc/store/v1/products?per_page=100&page=1; html: error 403 Client Error: Forbidden for url: https://nicacafe.shop/; sitemap: error 403 Client Error: Forbidden for url: https://nicacafe.shop/sitemap.xml;  (se conservan datos anteriores)";"plataforma: ['desconocida']; enlaces de tienda: []";
Nobil Coffee Roasters;ninguno;0;"shopify: error 403 Client Error: Forbidden for url: https://nobilcoffee.com/collections/all/products.json?limit=250&page=1; woocommerce: error 403 Client Error: Forbidden for url: https://nobilcoffee.com/wp-json/wc/store/v1/products?per_page=100&page=1; html: error 403 Client Error: Forbidden for url: https://nobilcoffee.com/; sitemap: error 403 Client Error: Forbidden for url: https://nobilcoffee.com/sitemap.xml;  (se conservan datos anteriores)";"plataforma: ['desconocida']; enlaces de tienda: []";
Nomad;shopify;32;;;OREA regulator #2 #4 set [accesorio/alimento/merch] | OREA V4/O1 Neo Negotiator [accesorio/alimento/merch] | Fellow - Molinillo Opus Gen 2 Conical Burr Grinder [accesorio/alimento/merch] | Tubos dosificadores sin BPA [accesorio/alimento/merch] | OREA O1 [accesorio/alimento/merch] | Jarra Translucida Fellow [accesorio/alimento/merch] | Barista Hustle Distribuidor The Comb [accesorio/alimento/merch] | Motta Picamarro Acero Inoxidable [accesorio/alimento/merch]
Nostro Coffee Roasters;woocommerce;17;;;"Intermediate Barista &#8211; 23/09-24/09 [accesorio/alimento/merch] | Foundation Barista &#8211; 21/09 [accesorio/alimento/merch] | test [accesorio/alimento/merch] | Espresso Yourself &#8211; Azul [accesorio/alimento/merch] | Espresso Yourself &#8211; Blanco [accesorio/alimento/merch] | Espresso Yourself &#8211; Beige [accesorio/alimento/merch] | Fueling Your Mornings 2026 &#8211; Blanco [accesorio/alimento/merch] | Fueling Your Mornings 2026 &#8211; Azul [accesorio/alimento/merch]"
One Cup Coffee;shopify;15;;;Café Pura Vida - Costa Rica (Lavado) [accesorio/alimento/merch] | Yellow Bourbon [accesorio/alimento/merch] | Pink Bourbon [accesorio/alimento/merch] | Red Bourbon [accesorio/alimento/merch] | Fecha Disponible [sin precio] | Té Chai Cúrcuma [accesorio/alimento/merch] | Té Matcha Latte [accesorio/alimento/merch] | 16-Rooibos Chai [accesorio/alimento/merch]
Root Café;ninguno;0;"shopify: error 404 Client Error: Not Found for url: https://rootcafe.es/collections/all/products.json?limit=250&page=1; woocommerce: error 404 Client Error: Not Found for url: https://rootcafe.es/wp-json/wc/store/v1/products?per_page=100&page=1; html: 0; sitemap: error 404 Client Error: Not Found for url: https://rootcafe.es/sitemap.xml;  (se conservan datos anteriores)";"plataforma: ['desconocida']; enlaces de tienda: []";
Salem Café;shopify;13;;;Pack Cuatro Orígenes — Korat, Ashera, Yaguarundí y Bombay [accesorio/alimento/merch] | Pack Filtro — Bombay, Chita y Yaguarundí [accesorio/alimento/merch] | Pack Espresso — Korat, Ashera y Montés [accesorio/alimento/merch] | Pack Buenas Noches — Tigrillo y Devon [accesorio/alimento/merch] | Suscripción mensual de café de especialidad [accesorio/alimento/merch]
San Jorge café;shopify;3;;;"Entrada Cata - BEST OF YEMEN · Sábado 3 de octubre [accesorio/alimento/merch] | Suscripción Coffee Masters [accesorio/alimento/merch] | ""No More Caffeine for Today"" DESCAFEINADO Natural SUGAR CANE de COLOMBIA (250gr.) [accesorio/alimento/merch] | Suscripción SILVERBACK [accesorio/alimento/merch] | Camiseta ""ANORMAL"" [accesorio/alimento/merch] | MOKA WARRIORS [accesorio/alimento/merch] | Ballenato de Colombia (250gr) [accesorio/alimento/merch] | AeroPress Go® Coffee Maker [accesorio/alimento/merch]"
SAT Coffee;woocommerce;51;;;FILTRO PAPEL 02 BLANQUEADO V60 [accesorio/alimento/merch] | JARRA DE CAFÉ V60 [accesorio/alimento/merch] | V60 Dripper Cerámica 02 [accesorio/alimento/merch] | COLOMBIA EJE CAFETERO [accesorio/alimento/merch] | TISANERA CAMILLE 0,25L [accesorio/alimento/merch] | COLADOR BOLA LECHUZA [accesorio/alimento/merch] | TAZA LECHUZA 0,35L [accesorio/alimento/merch] | LATA LECHUZA 100G [accesorio/alimento/merch]
shotmecoffee;shopify;11;;;Hario Dripper Cerámica [accesorio/alimento/merch] | Fellow Carter Move Lila [accesorio/alimento/merch] | Aeropress Clear Azul [accesorio/alimento/merch] | Fellow Carter Move Rosa [accesorio/alimento/merch] | Bialetti Moka 6 tazas [accesorio/alimento/merch] | Bialetti Moka 3 tazas [accesorio/alimento/merch] | -EVENTO DE PRUEBA- [accesorio/alimento/merch] | Kettle Fellow Stagg EKG Pro [accesorio/alimento/merch]
Sip and Wonder;html;1;;;Handmade sourdough baked fresh at Sip and Wonder - Alicante City — Sip and Wonder [sin evidencia de café]
SIP Coffee Roasters;shopify;9;;;CAMISETA [accesorio/alimento/merch] | GORRA 5 PANEL [accesorio/alimento/merch] | TOTEBAG [accesorio/alimento/merch]
Slow Coffee Tenerife;html;7;;;Studio Barista Balanza Pro Smart (Pequeña) | Slow Coffee Tenerife ® ( Café de Especialidad Tostado en Tenerife ) [sin precio]
Soycafetera;ninguno;0;"shopify: error 404 Client Error: NOT FOUND for url: https://www.soycafetera.es/collections/all/products.json?limit=250&page=1; woocommerce: error 404 Client Error: NOT FOUND for url: https://www.soycafetera.es/wp-json/wc/store/v1/products?per_page=100&page=1; html: 0; sitemap: 0;  (se conservan datos anteriores)";"plataforma: ['desconocida']; enlaces de tienda: ['Tienda -> https://www.soycafetera.es/shop', '0 -> https://www.soycafetera.es/shop/cart', '0 -> https://www.soycafetera.es/shop/wishlist', '0 -> https://www.soycafetera.es/shop/cart', '0 -> https://www.soycafetera.es/shop/wishlist', 'Tienda -> https://www.soycafetera.es/shop', 'Todos los productos -> https://www.soycafetera.es/shop', 'Accesorios -> https://www.soycafetera.es/shop/category/accesorios-3']";.Cerapotta - filtro v60 cerámico [precio alto sin gramos] | .Apax lab minarales [sin evidencia de café] | .Apax lab minarales [sin evidencia de café] | .Cerapotta - filtro v60 cerámico [precio alto sin gramos]
Syra Coffee;shopify;21;;;Syra Termo Ilustraciones [accesorio/alimento/merch] | Cápsulas Etiopía [accesorio/alimento/merch] | Cápsulas Colombia [accesorio/alimento/merch] | Cápsulas Brasil [accesorio/alimento/merch] | Pack Book + Coffee [accesorio/alimento/merch] | Matcha Pack [accesorio/alimento/merch] | Matcha [accesorio/alimento/merch] | 8AM T-Shirt [accesorio/alimento/merch]
Three Marks Coffee;shopify;20;;;Three Marks Coffee Gift Card [accesorio/alimento/merch] | Curso Completo Barista [accesorio/alimento/merch] | Suscripcion Capsulas Decaf - 4 packs [accesorio/alimento/merch] | Suscripcion Capsulas Decaf - 3 packs [accesorio/alimento/merch] | Suscripcion Capsulas Decaf - 2 packs [accesorio/alimento/merch] | Suscripcion Capsulas Santa Clara - 4 packs [accesorio/alimento/merch] | Suscripcion Capsulas Santa Clara - 3 packs [accesorio/alimento/merch] | Suscripcion Capsulas Santa Clara - 2 packs [accesorio/alimento/merch]
Two Coffee;shopify;17;;;Pack Regalo Artesanal -Hazlo Grande- 2 cajas [accesorio/alimento/merch] | Café de Selección TwoCoffee · 2 KG · Hazlo grande ·  Especial Navidad [precio alto sin gramos] | Manzanilla (Tisanas) [accesorio/alimento/merch] | Servicio de envío -Tarifa 9,99€ [sin evidencia de café] | Café degustación plata [precio alto sin gramos] | Pack Regalo Artesanal [accesorio/alimento/merch] | Servicio de envío -Tarifa 10,81€ [sin evidencia de café] | Servicio de envío -Tarifa 6,99€ [sin evidencia de café]
