Tostador;URL;Ciudad;Affiliate_Param;Affiliate_Code;Affiliate_URL
1000 Cups Café;https://1000cupscafe.com/es;Madrid;;;
Afortunato;https://afortunato.com;Madrid;;;
Alquimista Coffee Lab;https://alquimista.cafe/;Barcelona;;;
Amauta Coffee;https://amautacoffee.com/;Madrid;;;
ANDO Coffee Roasters;https://www.andocoffeeroasters.com/;Barcelona;;;
Animal Coffee;https://animalcoffee.es/;;;;
AquíCafé;https://aquicafe.es/;;;;
Artisan Coffee;https://artisancoffee.es/;;;;
Astro Café Roasters;https://astrocafe.es/;;;;
BADi Coffee Roasters;https://badi.coffee/;;;;
BB'S Café de Especialidad;https://bbs.cafe/;;;;
BENO Coffee Roasters;https://benocoffee.es/;;;;
Black Jebena;https://blackjebena.com/;;;;
Blend Coffee Roasters;https://blendcoffeeroasters.com/;;;;
Bluebell Coffee Co;https://bluebellcoffeeco.com/;;;;
BO&GO Specialty Coffee;https://boandgoscq.es/;;;;
Boconó Specialty Coffee;https://boconospecialtycoffee.com/;;;;
BOSCON Coffee Roasters;https://www.bosconcoffee.com/;;;;
Cachito Roasters;https://www.cachitoroasters.com/;;;;
Café Angélica;https://cafeangelica.es/;;;;
Café Colomer;https://www.cafecolomer.com/;;;;
Café de Finca;https://cafedefinca.com/;;;;
Café Guayacán;https://www.cafesguayacan.com/;;;;
Café Mistral;https://es.mistralcoffee.com/;;;;
Café Montetoro;https://cafemontetoro.com/;;;;
Café Pindio;https://cafepindio.es/;;;;
Café Raizal;https://caferaizal.es/;;;;
Café Siglo de Oro;https://cafesiglodeoro.com/;;;;
Café Veracruz;https://www.cafeveracruz.com/;;;;
CaféLab;https://cafelab.es/;;;;
Cafés 1958;https://www.cafes1958.es/;;;;
Cafés Arbeyu;https://cafesarbeyu.com/;;;;
Cafés Balancilla;https://www.cafesbalancilla.es/;;;;
Cafès Bofarull;https://cafesbofarull.com/;;;;
Cafés Cavite;https://cafescavite.es/;;;;
Cafés El Águila del Caribe;https://www.cafeselaguiladelcaribe.com/;;;;
Cafés El Globo;https://cafeselglobo.com/;;;;
Cafès Illes Balears;https://www.cafesillesbalears.com/;;;;
Cafés Lúa;https://cafeslua.com/;;;;
Cafés Moreno;https://cafesmoreno.com/;;;;
Cafés Plaza del Castillo;https://cafesplazadelcastillo.com/;;;;
Cafés Santa Rosa;https://cafessantarosa.es/;;;;
Camden Coffee Roasters;https://camdencoffeeroasters.com/;;;;
Cero Coffee Roasters;https://www.cerocoffeeroasters.com/;;;;
Ciano Coffee;https://www.ciano.coffee/;;;;
Club del Café;https://clubdelcafe.es/;;;;
Cocóra Specialty Coffees;https://cocoracoffee.es/;;;;
Coffee Hackers;https://thecoffeehackers.com/;;;;
Coffee Mori;https://www.coffeemori.com/;;;;
Coffee Tools Sat& Roaster;https://coffeetools.es/;;;;
coffeeURBANroasters;https://coffeeurbanroasters.com/;;;;
Cosmos Café;https://cosmos-cafe.es/;;;;
Cruz Coffee;https://www.cruzcoffee.es/;;;;
Cuptural Coffee;https://cuptural.coffee/;;;;
Dalston Coffee Roasters;https://dalstoncoffee.com/;;;;
Delicias Roasters;https://deliciasroasters.com/;;;;
Delsams Cafè;https://delsamscafes.com/;;;;
Despiertoo;https://www.despiertoo.com/;;;;
D·Origen Coffee Roasters;https://dorigencoffee.es/;;;;
East Crema Coffee;https://eastcrema.com/;;;;
El Secreto de Martina;https://elsecretodemartina.com/;;;;
El Tostadero;https://www.eltostadero.com/;;;;
El Tostado;https://eltostado.es/;;;;
Emeki Café Artesanal;https://emekicafes.com/;;;;
Factoría 77;https://www.factoria77.es/;;;;
Familia Osorio Coffee;https://www.familiaosorio.com/;;;;
Fancoffee;https://www.fancoffee.es/;;;;
Flamante Coffee Roasters;https://www.flamantecoffeeroasters.com/;;;;
Floco Coffee Roasters;https://www.flocooriginalcoffee.com/;;;;
Flying Bean Coffee;https://flyingbeancoffee.com/;;;;
FOC;https://foc.cafe/;;;;
Furo Café;https://furocafe.com/;;;;
Ganbaru Coffee;https://ganbarucoffee.com/;;;;
Geisha Coffee Roasters;https://geisharoasters.com/;;;;
Guadarrama Coffee Roasters;https://guadarrama.coffee/;;;;
Guayota Coffee Roasters;https://www.guayotacoffeeroasters.com/;;;;
Hey My Coffee;https://heymycoffee.com/;;;;
Hiday Coffee;https://hiday.es/;;;;
Hola Coffee Roasters;https://hola.coffee/;;;;
Hortelano Coffee Roasters;https://hortelanocoffeeroasters.com/;;;;
HOTTO Coffee Lab;https://surryhillscoffee.com/;;;;
Ineffable Coffee;https://ineffablecoffee.com/;;;;
Inzo;https://inzocoffee.es/;;;;
Jaleo Coffee Roasters;https://jaleo.coffee/;;;;
KAFFETTO;https://kaffetto.es/;;;;
Kaitxo;https://kaitxo.com/;;;;
Kima Coffee;https://kimacoffee.com/;;;;
Kira Coffee;https://kiracoffee.es/;;;;
La Finca Roaster;https://lafincaroaster.com/;;;;
La Guashira;https://laguashira.com/;;;;
La Negra Café;https://lanegracafe.com/;;;;
Lady Madrid;https://ladymadridshop.com/;;;;
Latitud Doce;https://www.latituddoce.com/;;;;
Lezzato Café;https://lezzato.es/;;;;
Madness Coffee;https://madnesscoffee.com/;;;;
Madre Superiora Coffee Roasters;https://madresuperioracoffee.com/;;;;
Martín Tostador;https://martintostador.com/;;;;
Meke Coffee Roasters;https://meke.coffee/;;;;
Meza Coffee;https://mezacoffee.com/;;;;
Mr. Chava;https://mrchava.es/;;;;
Mundo Novo Coffee;https://mundonovocoffee.com/;;;;
My Friend Coffee;https://myfriendcoffee.cafe/;;;;
Naos Coffee;https://naoscoffee.com/;;;;
Nenit Coffee Roasters;https://www.nenit.shop/;;;;
Nica Café;https://nicacafe.shop/;;;;
Nobil Coffee Roasters;https://nobilcoffee.com/;;;;
Nostro Coffee Roasters;https://nostrocoffeeroasters.com/;;;;
shotmecoffee;https://shotmecoffee.es/;;;;
Sip and Wonder;https://www.sipandwonder.com/;;;;
SIP Coffee Roasters;https://sip-coffeeroasters.com/;;;;
Slow Coffee Tenerife;https://www.slowcoffeetenerife.es/;;;;
Three Marks Coffee;https://threemarkscoffee.com/;;;;
Two Coffee;https://twocoffee.cafe/;;;;
